email_name,from_name,sends,opens,clicks,bounces,unsubscribes,open_rate,click_rate
202425 RFI Auto Reply - Existing Form,"Kirsten Turner, UK Vice President for Student Success",128,52,1,4,0,0.406,0.008
2025 - Graduate School - RFI Journey - Graduate AET and Website RFI,The Graduate School,566,287,41,13,1,0.507,0.072
2025-2026 POWER - Well-Being Coaching Appt Journey_2 Day Reminder_In Person Appt,POWER Well-Being by Design,5,4,1,0,0,0.8,0.2
2025-2026 POWER Well-Being Coaching Appt Journey_2 Day Reminder_Virtual Appt,POWER Well-Being by Design,1,1,0,0,0,1,0
2025-2026 Student Accounts Monthly Uncashed Checks-ACHS Notice,UK Student Account Services Accounting,2403,1088,11,5,0,0.453,0.005
2025-2026 TL - ISC Coaching Appt Journey_2 Day Reminder_In Person Appt,UK The Study Hub,56,31,8,0,0,0.554,0.143
2025-2026 TL - ISC Coaching Appt Journey_2 Day Reminder_In Person Appt,UK Transformative Learning,25,10,1,0,0,0.4,0.04
2025-2026 TL - ISC Coaching Appt Journey_2 Day Reminder_Video Appt,UK The Study Hub,83,35,5,0,0,0.422,0.06
2025-2026 TL - ISC Coaching Appt Journey_2 Day Reminder_Video Appt,UK Transformative Learning,24,3,1,0,0,0.125,0.042
202526 EM Happy Birthday,University of Kentucky Admissions,26709,3230,173,1574,26,0.121,0.006
202526 EM Transfer App Push #6 ? Transfer Equivalencies Meet our Transfer Adviso,"Keith Wynn, Assistant Director of Transfer Recruitment",1,1,0,0,0,1,0
202526 EM Transfer App Push #7 - Get to Know Lexington,"Keith Wynn, Assistant Director of Transfer Recruitment",1,1,0,0,0,1,0
202526 EM Transfer App Push #8B - UK Online,"Keith Wynn, Assistant Director of Transfer Recruitment",1,1,0,0,0,1,0
20260918 - Impact Kentucky Call for Submissions Octobber  2026,Vice President for Research,143,91,3,0,0,0.636,0.021
202627 EM Early Action App Push 1,"Sarah Ballard, UK Associate Vice President, Enrollment Management",123929,5240,289,2626,82,0.042,0.002
202627 EM Early Action App Push 2- BBN,"Sarah Ballard, UK Associate Vice President, Enrollment Management",60834,20951,1504,2723,73,0.344,0.025
202627 EM Ops NEEDSYLL,Office of Undergraduate Admission,215,88,21,0,0,0.409,0.098
202627 OSFAS Dental Student FAN - Initial,"Amy McHone, UK College of Dentistry Financial Aid",1,0,0,0,0,0,0
202627 OSFAS Grad Prof Student FAN - Initial,"Bryan Erslan, UK Financial Aid",366,208,130,0,0,0.568,0.355
202627 OSFAS Medical Student FAN - Initial,"Raymond Brooks, UK College of Medicine Financial Aid",4,4,1,0,1,1,0.25
202627 OSFAS New Student FAN - Initial,"Bryan Erslan, UK Financial Aid",570,293,197,0,0,0.514,0.346
202627 OSFAS Returning Student FAN - Initial,"Bryan Erslan, UK Financial Aid",282,145,93,0,0,0.514,0.33
202627 OSFAS Revised Fan - Dental Student,"Amy McHone, UK College of Dentistry Financial Aid",2,1,1,0,0,0.5,0.5
202627 OSFAS Revised Fan - Grad Prof Student,"Bryan Erslan, UK Financial Aid",180,132,104,0,0,0.733,0.578
202627 OSFAS Revised Fan - Medical Student,"Raymond Brooks, UK College of Medicine Financial Aid",8,5,5,0,0,0.625,0.625
202627 OSFAS Revised Fan - New Student,"Bryan Erslan, UK Financial Aid",327,163,144,0,0,0.498,0.44
202627 OSFAS Revised Fan - Returning Student,"Bryan Erslan, UK Financial Aid",172,92,78,2,0,0.535,0.453
202728 OSFAS Scholarship Notification - Initial,UK Office of Academic Scholarships,1192,1021,860,5,0,0.857,0.721
211215 - Amazon Cats - 20260707_124034,UK Admissions,2,1,0,0,0,0.5,0
24-25 - UK Online - Work Ready Scholarship leads,UK Online,1,0,0,0,0,0,0
2504 - Graduate School - JOURNEY - Email 1 AMP RFI Submission,The Graduate School,2,1,1,0,0,0.5,0.5
2504 - Graduate School - JOURNEY - Email 2 AMP RFI Submission,The Graduate School,2,1,1,0,0,0.5,0.5
26 EM Transfer - AS #1,"Ana Franco-Watkins, Dean UK College of Arts and Sciences",3,0,0,0,0,0,0
26 EM Transfer - AS #2,UK College of Arts and Sciences,3,2,0,0,0,0.667,0
26 EM Transfer - CAFE #1,"Laura Stephenson, Dean Martin-Gatton College of Agriculture, Food and Environment",1,0,0,0,0,0,0
26 EM Transfer - CI #2,"Addison Zane Mills, Recruiter",1,0,0,0,0,0,0
26 EM Transfer - ED #2,UK College of Education,1,0,0,0,0,0,0
26 EM Transfer - EN #1,"Dean Rudolph Buchheit, UK Pigman College of Engineering",1,0,0,0,0,0,0
26 EM Transfer - PH #2,UK College of Public Health,1,0,0,0,0,0,0
26 EM Transfer - SW #1,UK College of Social Work,1,1,1,0,0,1,1
26 EM Transfer - SW #2,"Matt Moore, UK College of Social Work",2,0,0,0,0,0,0
26 EM Transfer ABNC #2 - Intro Email,"Keith Wynn, Assistant Director of Transfer Recruitment",15,6,0,0,0,0.4,0
"26 EM Transfer ABNC #3  - FAFSA Reminder, Scholarship Universe, Net Price Calcul","Keith Wynn, Assistant Director of Transfer Recruitment",9,0,0,0,0,0,0
26 EM Transfer ABNC #4 - Community - REVERSIONED,"Keith Wynn, Assistant Director of Transfer Recruitment",3,0,0,0,0,0,0
"26 EM Transfer ABNC #5 - Academic Exploration - Advising, Credit Transfer and Mo","Keith Wynn, Assistant Director of Transfer Recruitment",7,3,0,0,0,0.429,0
"26 EM Transfer ABNC #6- Faculty Who Care - Great Teachers, Virtual Mentorship Pr","Keith Wynn, Assistant Director of Transfer Recruitment",14,5,0,0,0,0.357,0
26 EM Transfer ABNC #7 - Big Blue Nation - Spirit,"Keith Wynn, Assistant Director of Transfer Recruitment",20,1,0,0,0,0.05,0
26 EM Transfer ABNC #8- Lexington and Community,"Keith Wynn, Assistant Director of Transfer Recruitment",18,4,0,0,0,0.222,0
26 EM Transfer ABNC - B&E #1,"Alexis Allen, Associate Dean for Undergraduate Affairs",1,0,0,0,0,0,0
26 EM Transfer ABNC - B&E #2,"Matt Quarles, UK Gatton College of Business and Economics",4,2,0,0,0,0.5,0
26 EM Transfer CAFE #2,admissions@kentucky.edu,1,1,0,0,0,1,0
"260913 - Student Success - Study Hub, Common Hr MA 113 114_R1",UK The Study Hub,850,367,48,1,0,0.432,0.056
"260914 - BE- URC News - September 14, 2026",Meg Marquis,5701,1107,35,0,1,0.194,0.006
260914 - Important Tax Info for Fellows,University of Kentucky,55,45,0,0,0,0.818,0
260914_Sept 15 Insider,UK Human Resources,207,155,35,1,0,0.749,0.169
260915 - Graduate and Professional Student News,University of Kentucky,8227,3345,246,2,0,0.407,0.03
260916 - Impact Kentucky - September 2026,Vice President for Research,7051,2521,93,2,0,0.358,0.013
260916 - Retention - F26 Cohort For You at UK #4,University of Kentucky,6602,2120,73,3,0,0.321,0.011
260916 UKIC-ISSS News,"ISSS, UK International Center",1290,635,46,2,0,0.492,0.036
260917 - Grad School - Email to DGSs Outstanding Master's Thesis,University of Kentucky,110,76,3,0,0,0.691,0.027
260917 - Research Events,Vice President for Research,7047,2494,98,1,0,0.354,0.014
260917 - Student Success - BIO 103 Exam Prep Tips,University of Kentucky,441,192,11,0,0,0.435,0.025
260917 - Student Success - Fall Academic Alerts Reminder to Faculty #1,"Molly Reynolds, Ph.D.",1740,881,22,0,0,0.506,0.013
260917 BE Gatton Showcase Invite #1,"Matt Quarles, UK Gatton College of Business and Economics",5026,588,33,55,6,0.117,0.007
260917-EN-Coffee with the Cats Invite Oct 2026 - Chicago,"Hannah Bissmeyer, UK Pigman College of Engineering",1499,177,10,23,1,0.118,0.007
260917-EN-Evening with Engineering Invite Oct 2026 - Bowling Green,UK Pigman College of Engineering,354,50,1,7,0,0.141,0.003
260917-EN-Evening with Engineering Invite Oct 2026 - Mason,"Amy Foulkes, UK Pigman College of Engineering",965,98,11,14,0,0.102,0.011
260918 Graduate - UK GradResearchLive 3MT Competition,University of Kentucky,8490,2835,82,0,0,0.334,0.01
"261914 - Student Success - Study Hub, Common Hr MA 123_R1",UK The Study Hub,1190,413,48,0,0,0.347,0.04
2627 FA - Prospective Grad Online Program RFI Journey E1,Record Owner,2,2,0,0,0,1,0
2627 FA - Prospective Grad Online Program RFI Journey E2,Record Owner,3,2,0,0,0,0.667,0
2627 FA - Prospective Grad Online Program RFI Journey E3,Record Owner,5,2,0,0,0,0.4,0
9.14.26 WR,The Wildcat Rundown,110,78,12,1,0,0.709,0.109
FIRST 9.14.26 WR,The Wildcat Rundown,6605,1861,140,4,0,0.282,0.021
FOURTH 9.14.26 WR,The Wildcat Rundown,6184,1391,81,0,0,0.225,0.013
Faculty Focus - 09-16-26,University of Kentucky,5797,2453,214,0,1,0.423,0.037
"Fall 2026 - UKIS - HAS ACCT_Email 1, New Acct Opened",UK Invests for Students,164,58,9,1,0,0.354,0.055
"Fall 2026 - UKIS - HAS ACCT_Email 1, Returning Student",UK Invests for Students,1,0,0,0,0,0,0
Fall 2026 - UKIS - HAS ACCT_Email 2,UK Invests for Students,552,187,17,0,0,0.339,0.031
"Fall 2026 - UKIS - Has NO Acct_Email 1, New Students",UK Invests for Students,3498,551,29,2,0,0.158,0.008
"Fall 2026 - UKIS - Has NO Acct_Email 1, Returning Students",UK Invests for Students,40,3,1,0,0,0.075,0.025
Fall 2026 - UKIS - Has NO Acct_Email 3,UK Invests for Students,15277,2213,31,4,0,0.145,0.002
Fall 2026 - UKIS - Successful Sign Up,UK Invests for Students,180,68,15,1,0,0.378,0.083
Fall 2026_UK Invests for Employees_Webinar email,UK Invests for Employees,6162,1966,466,3,0,0.319,0.076
Gatton Grad Programs - RFI Comm 1,UK Gatton Graduate Programs,23,12,1,0,0,0.522,0.043
Gatton Grad Programs - RFI Comm 2,UK Gatton Graduate Programs,24,11,1,0,0,0.458,0.042
Gatton Grad Programs - RFI Comm 22,UK Gatton Graduate Programs,23,8,0,1,0,0.348,0
Gatton Grad Programs - RFI Comm 23,UK Gatton Graduate Programs,7,2,0,0,0,0.286,0
Gatton Grad Programs - RFI Comm 3,UK Gatton Graduate Programs,17,7,0,0,0,0.412,0
Gatton Grad Programs - RFI Comm 4,UK Gatton Graduate Programs,21,9,1,0,0,0.429,0.048
Gatton Grad Programs - RFI Comm 5,UK Gatton Graduate Programs,25,9,2,0,0,0.36,0.08
Gatton Grad Programs - RFI Comm 6,UK Gatton Graduate Programs,40,12,2,0,0,0.3,0.05
Gatton Grad Programs - RFI Comm 7,UK Gatton Graduate Programs,13,5,0,0,0,0.385,0
Gatton Grad Programs - RFI Comm 8,UK Gatton Graduate Programs,12,4,0,0,0,0.333,0
Gatton Grad Programs - RFI Comm 9,UK Gatton Graduate Programs,2,0,0,0,0,0,0
Lewis Honors College Newsletter 260915,Lewis Honors College,2544,838,46,0,0,0.329,0.018
MSCJ email 1 - day 3,Criminal Justice Recruitment,10,4,0,0,0,0.4,0
MSCJ email 2- day 7,Criminal Justice Recruitment,3,2,0,1,0,0.667,0
MSCJ triggered response,Criminal Justice Recruitment,10,6,1,0,0,0.6,0.1
PFM - Day 0- Confirmation email ? Program Distinctions,Rhonda Trautman,6,3,0,0,0,0.5,0
Patterson School - Grad - RFI Email,UK Patterson School of Diplomacy and International Commerce,2,0,0,0,0,0,0
SECOND 9.14.26 WR,The Wildcat Rundown,5483,1021,62,2,0,0.186,0.011
Staff Senate UK Remembers 2026 - 20260911_110739,Staff Senate,42744,13994,91,2,2,0.327,0.002
Student Success Weekly Brief - 20260908,Office for Student Success,570,395,65,0,0,0.693,0.114
THIRD 9.14.26 WR,The Wildcat Rundown,5139,985,80,1,0,0.192,0.016
TRANSFER 9.14.26 WR,The Wildcat Rundown,4514,957,69,2,0,0.212,0.015
UKO - 1 Month Grad App Deadline,UK Online,223,92,12,1,1,0.413,0.054
UKO - 2 Days Grad App Deadline,UK Online,53,31,5,0,1,0.585,0.094
UKO Fact Sheet,UK Online,98,62,21,2,0,0.633,0.214
UKO-1-Journey24,UK Online,49,25,5,1,0,0.51,0.102
UKO-2-Journey24,UK Online,165,64,5,2,0,0.388,0.03
UKO-3-Journey24,UK Online,161,57,5,3,1,0.354,0.031
UKO-4-Journey24,UK Online,161,53,3,2,1,0.329,0.019
UKO-Journey24-RFI Response Msg,"Stephanie Schultz, UK Online",154,120,2,3,0,0.779,0.013
UKO-Undecided-1-Journey24,UK Online,1,0,0,0,0,0,0
"Weekly News & Updates Sept. 14, 2026","UK Martin-Gatton College of Agriculture, Food and Environment",1961,989,98,0,0,0.504,0.05
